sentiment,loanword_density
negative,0.1348687631944576
neutral,0.12018872704971692
positive,0.09659164057280684
